strategy,total,cagr,vol,sharpe,mdd,final
AMQS-AI-Infra,1.6800587811047456,0.5087933080067408,0.31720776996988304,1.4573030174994046,-0.2663966500985896,268005.87811047456
QQQ,0.8250766265460197,0.2853201652704851,0.20491027587460364,1.327263880250332,-0.2276831359305408,182507.66265460197
SMH,2.4508861102705235,0.676619960604492,0.3637529965355705,1.6031817478574044,-0.35738759167647705,345088.61102705233
SOXX,2.005070113308061,0.5825950530987711,0.3783950237504351,1.4023012118103406,-0.41361050744041306,300507.0113308061
AI-Infra 동가중,4.026420743964914,0.9614542872756182,0.370497200362456,2.0058065172374135,-0.3656293517804712,502642.07439649134
